block,price
4752000,702.519
4753000,711.1815
4754000,724.324
4755000,722.2345
4756000,765.568
4757000,790.146
4758000,812.0065
4759000,836.695
4760000,819.044
4761000,831.698
4762000,806.505
4763000,752.2065
4764000,783.053
4765000,797.073
4766000,807.426
4767000,803.983
4768000,785.838
4769000,797.464
4770000,835.2
4771000,834.381
4772000,772.899
4773000,773.4135
4774000,781.07
4775000,718.685
4776000,654.053
4777000,602.677
4778000,630.171
4779000,680.922
4780000,687.597
4781000,658.942
4782000,702.4015
4783000,728.81
4784000,727.6115
4785000,739.4965
4786000,669.432
4787000,678.2855
4788000,644.408
4789000,645.0915
4790000,635.6745
4791000,644.6325
4792000,706.32
4793000,715.7425
4794000,726.171
4795000,715.491
4796000,727.3965
4797000,726.553
4798000,740.86
4799000,745.3045
4800000,755.43
4801000,742.002
4802000,745.577
4803000,745.56
4804000,759.02
4805000,762.9725
4806000,744.723
4807000,752.484
4808000,731.6275
4809000,732.8405
4810000,735.207
4811000,693.553
4812000,699.189
4813000,703.781
4814000,689.934
4815000,714.31
4816000,730.63
4817000,734.009
4818000,715.535
4819000,739.2565
4820000,746.4835
4821000,738.817
4822000,703.6
4823000,709.043
4824000,714.66
4825000,689.985
4826000,704.25
4827000,708.8
4828000,707.245
4829000,706.08
4830000,715.875
4831000,738.9
4832000,738.93
4833000,739.61
4834000,742
4835000,740.89
4836000,742.584
4837000,740.475
4838000,760.105
4839000,798.663
4840000,849.82
4841000,836.0245
4842000,865.14
4843000,866.191
4844000,856.61
4845000,875
4846000,876.45
4847000,859.55
4848000,874.777
4849000,922.02
4850000,933.67
4851000,929.77
4852000,907.56
4853000,944.45
4854000,989.76
4855000,949.54
4856000,969.94
4857000,1012.59
4858000,991.75
4859000,975.61
4860000,975.88
4861000,966.25
4862000,984.005
4863000,993.11
4864000,996.755
4865000,994.405
4866000,1002.52
4867000,1031.9625
4868000,1071.635
4869000,1081.13
4870000,1086.99
4871000,1091.64
4872000,1163.7725
4873000,1193.29
4874000,1134.99
4875000,1032.7075
4876000,1128
4877000,1126.89
4878000,1191.31
4879000,1223.12
4880000,1198.33
4881000,1196.425
4882000,1230.5
4883000,1279.65
4884000,1373.31
4885000,1285.41
4886000,1335.5475
4887000,1299.99
4888000,1308.65
4889000,1189.675
4890000,1233.495
4891000,1184.615
4892000,1225.2525
4893000,1147.465
4894000,1180.48
4895000,1206.8
4896000,1221.0975
4897000,1233.2475
4898000,1256.835
4899000,1273.295
4900000,1278.745
4901000,1326.5675
4902000,1353.135
4903000,1411.66
4904000,1382.25
4905000,1373.6
4906000,1351.74
4907000,1325.095
4908000,1293.965
4909000,1322.245
4910000,1364.9
4911000,1325.79
4912000,1320.02
4913000,1318.9375
4914000,1305.815
4915000,1298
4916000,1235.05
4917000,1207.03
4918000,1171.075
4919000,1142.565
4920000,1013.025
4921000,1038.44
4922000,988.54
4923000,935.59
4924000,847.195
4925000,859.95
4926000,1001.01
4927000,1063.9
4928000,971.85
4929000,1030.74
4930000,1090.97
4931000,1078.58
4932000,1045.055
4933000,1014.8
4934000,1055.02
4935000,1078
4936000,1034
4937000,1029
4938000,1046.42
4939000,1111.98
4940000,1111.99
4941000,1120
4942000,1151.525
4943000,1155.965
4944000,1129.01
4945000,1081.505
4946000,1072.05
4947000,1085.15
4948000,1055
4949000,1030
4950000,1040.4
4951000,1051.3
4952000,1074
4953000,979
4954000,970.18
4955000,999.85
4956000,1001.04
4957000,945
4958000,923.2
4959000,983.46
4960000,989.01
4961000,986.49
4962000,985.02
4963000,997.8
4964000,1005
4965000,1024.2
4966000,1030.83
4967000,1059.99
4968000,1082
4969000,1059
4970000,1055
4971000,1033.44
4972000,1072.37
4973000,1050.33
4974000,1070.58
4975000,1015.5
4976000,1015.23
4977000,1056
4978000,1039.6
4979000,1049.09
4980000,1053.34
4981000,1065
4982000,1053.4
4983000,1089.6
4984000,1113.9
4985000,1113.24
4986000,1129.71
4987000,1159.635
4988000,1191.98
4989000,1192.31
4990000,1202.005
4991000,1226.77
4992000,1178
4993000,1166.4675
4994000,1166.915
4995000,1177.8525
4996000,1161.55
4997000,1161.765
4998000,1136.5025
4999000,1158.925
5000000,1149.7575
5001000,1117.3775
5002000,1061.085
5003000,1028.2075
5004000,1054.02
5005000,1075.0675
5006000,1102.425
5007000,1105.21
5008000,1088.2525
5009000,1115.395
5010000,1137.6025
5011000,1082.5125
5012000,1104.875
5013000,1035.02
5014000,1007.185
5015000,965.785
5016000,926.0825
5017000,846.425
5018000,930.1675
5019000,888.17
5020000,919.135
5021000,856.23
5022000,914.31
5023000,951.22
5024000,972.08
5025000,973.605
5026000,962.25
5027000,952.155
5028000,954.545
5029000,899.925
5030000,850.7625
5031000,846.3075
5032000,827
5033000,830.945
5034000,820.9375
5035000,777.31
5036000,739.11
5037000,644.145
5038000,697.555
5039000,622.21
5040000,581.25
5041000,605.77
5042000,740.315
5043000,755.445
5044000,786.4975
5045000,725.61
5046000,780.4925
5047000,823.0775
5048000,816.89
5049000,822.7525
5050000,773.99
5051000,820.1425
5052000,828.72
5053000,828.085
5054000,798.87
5055000,813.5275
5056000,808.3
5057000,798.435
5058000,802.095
5059000,826.18
5060000,844.92
5061000,867.2
5062000,878.595
5063000,893.49
5064000,881.56
5065000,866.53
5066000,828.415
5067000,839.58
5068000,840.82
5069000,810.24
5070000,789.49
5071000,828.1
5072000,845
5073000,841.7
5074000,824.43
5075000,843.565
5076000,865.785
5077000,865.785
5078000,856.83
5079000,864.45
5080000,869.04
5081000,845.74
5082000,835.695
5083000,838.295
5084000,845.245
5085000,846.525
5086000,844.835
5087000,862
5088000,863.525
5089000,894.99
5090000,911.32
5091000,903.265
5092000,919.99
5093000,929.495
5094000,949.36
5095000,921.505
5096000,940.5
5097000,930
5098000,932.7375
5099000,933.725
5100000,919.4
5101000,924.355
5102000,936.275
5103000,935.5575
5104000,938.8625
5105000,956.985
5106000,962.1325
5107000,969.6025
5108000,969.465
5109000,969.14
5110000,974.05
5111000,937.8975
5112000,918.3
5113000,938.5175
5114000,935.1075
5115000,931.7325
5116000,930.475
5117000,930.475
5118000,941.8825
5119000,947.0325
5120000,943.8025
5121000,943.055
5122000,937.3675
5123000,944.67
5124000,937.0825
5125000,944.4525
5126000,927.5625
5127000,885.715
5128000,893.41
5129000,884.3
5130000,886.945
5131000,847.875
5132000,836.805
5133000,839.185
5134000,855.88
5135000,855.94
5136000,818
5137000,811.3725
5138000,803.9475
5139000,796.62
5140000,842.56
5141000,841.98
5142000,865
5143000,853
5144000,832.34
5145000,857.99
5146000,868
5147000,848.82
5148000,832.05
5149000,836.11
5150000,815.785
5151000,831.995
5152000,839
5153000,841.975
5154000,836.31
5155000,824.67
5156000,835.64
5157000,846.855
5158000,848.985
5159000,843.575
5160000,875.08
5161000,866.01
5162000,865.2575
5163000,867.295
5164000,870.75
5165000,890.59
5166000,882.105
5167000,869.005
5168000,877.335
5169000,878.51
5170000,884.89
5171000,866.21
5172000,865.12
5173000,866.08
5174000,866.08
5175000,850.085
5176000,858.55
5177000,866.265
5178000,863.87
5179000,864.4125
5180000,872.82
5181000,867.91
5182000,870.69
5183000,859.345
5184000,859.2475
5185000,853.8525
5186000,856.25
5187000,864.635
5188000,860.55
5189000,860.55
5190000,866.02
5191000,861.06
5192000,853.555
5193000,845.8625
5194000,845.4175
5195000,845.6975
5196000,853.145
5197000,862.815
5198000,862.2325
5199000,862.6
5200000,864.6
5201000,861.96
5202000,859.59
5203000,855.275
5204000,839.25
5205000,839.25
5206000,849.895
5207000,832.88
5208000,830
5209000,813.39
5210000,815.375
5211000,811.17
5212000,786.825
5213000,781.315
5214000,744.2475
5215000,749.47
5216000,749.77
5217000,739.395
5218000,766.955
5219000,747.915
5220000,706.9475
5221000,701.5
5222000,670.87
5223000,665.08
5224000,671.8225
5225000,705.8575
5226000,695.25
5227000,707.575
5228000,734.7025
5229000,741.4175
5230000,725.4425
5231000,737.655
5232000,708.9875
5233000,690.0025
5234000,675.03
5235000,695.99
5236000,702.385
5237000,711.94
5238000,730.18
5239000,720.7325
5240000,722.635
5241000,726.0025
5242000,732.8275
5243000,696.3075
5244000,680.805
5245000,695
5246000,697.105
5247000,695.48
5248000,690.585
5249000,690.6475
5250000,686.0675
5251000,691.07
5252000,698.13
5253000,691.12
5254000,658.9925
5255000,622.5725
5256000,608.6725
5257000,607.365
5258000,587.895
5259000,611.0925
5260000,610.7475
5261000,601.09
5262000,605.44
5263000,593.09
5264000,605.5
5265000,599.945
5266000,614.505
5267000,615.2225
5268000,610.66
5269000,599.28
5270000,598.115
5271000,602.955
5272000,589.93
5273000,564.3325
5274000,557.7525
5275000,514.4975
5276000,518.9025
5277000,501.95
5278000,477.37
5279000,485.78
5280000,544.755
5281000,535.765
5282000,542.52
5283000,531.71
5284000,546.915
5285000,536.055
5286000,543.58
5287000,550.785
5288000,536.705
5289000,527.725
5290000,537.435
5291000,551.0525
5292000,563.49
5293000,552.95
5294000,585.97
5295000,572.79
5296000,572.26
5297000,560.65
5298000,557.04
5299000,573.51
5300000,565.46
5301000,540.62
5302000,527.14
5303000,530
5304000,538.21
5305000,511.745
5306000,513.3
5307000,521.975
5308000,528.475
5309000,527.85
5310000,536.51
5311000,536
5312000,538.99
5313000,526.84
5314000,538
5315000,534.09
5316000,527.115
5317000,516.1925
5318000,516.135
5319000,517.15
5320000,518.645
5321000,523.03
5322000,522.5
5323000,521.425
5324000,521.255
5325000,485.455
5326000,485.165
5327000,481.505
5328000,491.605
5329000,466.72
5330000,461.875
5331000,461.425
5332000,467.855
5333000,457.77
5334000,450
5335000,447.89
5336000,451.15
5337000,458.84
5338000,449.1475
5339000,447.8075
5340000,447.075
5341000,427.37
5342000,417.785
5343000,409.47
5344000,414.74
5345000,396.86
5346000,376.2
5347000,368.07
5348000,404.22
5349000,391.3525
5350000,372.925
5351000,386.0725
5352000,400.8225
5353000,409.0875
5354000,393.58
5355000,408.5325
5356000,407.0725
5357000,392.3425
5358000,397.2425
5359000,397.415
5360000,377.37
5361000,375.1375
5362000,375.5189503975
5363000,382.4925
5364000,379.1375
5365000,382.8725
5366000,386.3475
5367000,391.15
5368000,389.4125
5369000,381.9775
5370000,384.7475
5371000,393.5025
5372000,398.695
5373000,401.805
5374000,403.27
5375000,415.265
5376000,415.555
5377000,405.52
5378000,406.35
5379000,385.29
5380000,376.85
5381000,379.71
5382000,377.49
5383000,376.17
5384000,378.49
5385000,376.115
5386000,377.95
5387000,376.25
5388000,382.665
5389000,378.9975
5390000,368.9425
5391000,368.615
5392000,368.775
5393000,368.7775
5394000,370.22
5395000,377.9275
5396000,382.0375
5397000,380.955
5398000,380.955
5399000,390.5875
5400000,384.8025
5401000,384.5075
5402000,388.94
5403000,392.0425
5404000,400.29
5405000,397.8725
5406000,399.15
5407000,408.115
5408000,412.815
5409000,398.785
5410000,393.89
5411000,397.44
5412000,392.765
5413000,397.995
5414000,399.89
5415000,395.98
5416000,402.185
5417000,407.95
5418000,410.555
5419000,416.77
5420000,418.01
5421000,415.67
5422000,422
5423000,422.525
5424000,422.94
5425000,433.985
5426000,416.095
5427000,458.975
5428000,464.36
5429000,463.99
5430000,493.6
5431000,487.68
5432000,497.965
5433000,518.465
5434000,513.9225
5435000,508.06
5436000,496.95
5437000,507.62
5438000,511.82
5439000,500.945
5440000,490.96
5441000,504.37
5442000,505.19
5443000,512.54
5444000,513.24
5445000,523.375
5446000,524.835
5447000,524.1
5448000,535.145
5449000,514.615
5450000,510.13
5451000,510.48
5452000,501.79
5453000,508.37
5454000,507.77
5455000,506.14
5456000,516.55
5457000,516.55
5458000,514.74
5459000,502.99
5460000,502.3575
5461000,506.37
5462000,506.7775
5463000,514.115
5464000,509.8475
5465000,520.29
5466000,525.6025
5467000,535.2025
5468000,531.175
5469000,541.525
5470000,559.595
5471000,562.17
5472000,573.0975
5473000,571.16
5474000,585.9725
5475000,585.0325
5476000,585.675
5477000,618.28
5478000,607.135
5479000,612.75
5480000,587.4
5481000,609.315
5482000,606.555
5483000,599.22
5484000,597.63
5485000,622.06
5486000,622.995
5487000,633.96
5488000,636.97
5489000,622.915
5490000,632.57
5491000,639.16
5492000,637.475
5493000,641.27
5494000,639.545
5495000,665.8175
5496000,680.78
5497000,683.8
5498000,698.57
5499000,704.435
5500000,704.435
5501000,694.56
5502000,664.2325
5503000,620.14
5504000,610.65
5505000,633.53
5506000,612.785
5507000,617.4175
5508000,630.3575
5509000,630.19
5510000,631.665
5511000,636.74
5512000,661.365
5513000,651.68
5514000,660.305
5515000,677.935
5516000,677.81
5517000,645.95
5518000,656.4
5519000,663.015
5520000,671.315
5521000,685.4075
5522000,684.1825
5523000,683.7825
5524000,694.29
5525000,692.13
5526000,675.305
5527000,682.42
5528000,679.68
5529000,679.84
5530000,689.3
5531000,680.8
5532000,685.01
5533000,681.3
5534000,678.47
5535000,658.5
5536000,649.64
5537000,667.23
5538000,647.6
5539000,654.82
5540000,660.375
5541000,672.74
5542000,678.2
5543000,680.375
5544000,677.07
5545000,677.2
5546000,685.605
5547000,714.0275
5548000,718.34
5549000,717.94
5550000,745.21
5551000,759.4175
5552000,770.51
5553000,774.105
5554000,790.78
5555000,795.54
5556000,775.115
5557000,784.4725
5558000,787.95
5559000,804.935
5560000,808.0975
5561000,822.705
5562000,805.8775
5563000,806.6875
5564000,825.4925
5565000,789.43
5566000,775.17
5567000,771.61
5568000,783.625
5569000,783.915
5570000,753.645
5571000,730.695
5572000,736.02
5573000,719.035
5574000,753
5575000,753
5576000,769.7625
5577000,754.035
5578000,733.85
5579000,733.065
5580000,747.515
5581000,744.7875
5582000,715.2925
5583000,727.5425
5584000,743.02
5585000,748.0575
5586000,742.44
5587000,757.295
5588000,764.5425
5589000,762.06
5590000,760.6225
5591000,743.0425
5592000,732.1
5593000,724.67
5594000,695.28
5595000,672.3
5596000,685.62
5597000,673.0075
5598000,683.155
5599000,673.835
5600000,651.285
5601000,681.595
5602000,665.2975
5603000,680.93
5604000,678.8
5605000,676.515
5606000,693.475
5607000,707.75
5608000,728.37
5609000,736.315
5610000,720.3725
5611000,701.8025
5612000,711.2475
5613000,729.865
5614000,734.33
5615000,732.075
5616000,726.67
5617000,728.595
5618000,727.86
5619000,724.58
5620000,709.9275
5621000,697.0675
5622000,684.3425
5623000,691.6175
5624000,689.1625
5625000,698.4775
5626000,698.375
5627000,702.8375
5628000,717.13
5629000,702.1275
5630000,696.8
5631000,689.87
5632000,670.295
5633000,671.88
5634000,678.065
5635000,680.23
5636000,679.14
5637000,678.955
5638000,690.745
5639000,694.475
5640000,690.6
5641000,708.935
5642000,701.6375
5643000,689.92
5644000,705.175
5645000,705.175
5646000,708.1825
5647000,709.385
5648000,721.9075
5649000,713.8325
5650000,711.0825
5651000,712.29
5652000,712.7075
5653000,698.595
5654000,693.085
5655000,684.6275
5656000,684.6275
5657000,689.75
5658000,686.6075
5659000,678.145
5660000,642.55
5661000,637.505
5662000,623.5975
5663000,621.48
5664000,584.69
5665000,585.8975
5666000,589.35
5667000,603.9
5668000,554.585
5669000,585.765
5670000,583.925
5671000,586
5672000,597.97
5673000,607.3125
5674000,594.815
5675000,600
5676000,578.54
5677000,578.4
5678000,582.855
5679000,601.215
5680000,598.07
5681000,598.07
5682000,600.95
5683000,584.115
5684000,582.475
5685000,575.41
5686000,564.35
5687000,565.97
5688000,563.925
5689000,569.985
5690000,527.755
5691000,535.445
5692000,531.06
5693000,526.375
5694000,515.75
5695000,520.965
5696000,521.54
5697000,561.855
5698000,554.855
5699000,566.46
5700000,572.9525
5701000,572.695
5702000,558.91
5703000,569.41
5704000,546.15
5705000,548.235
5706000,559.815
5707000,572
5708000,570.885
5709000,575.01
5710000,575.065
5711000,575.62
5712000,578.21
5713000,579.715
5714000,572.25
5715000,569.665
5716000,569.54
5717000,569.84
5718000,579.74
5719000,588.25
5720000,590.155
5721000,589.98
5722000,589.98
5723000,592.505
5724000,604.37
5725000,624.435
5726000,621.575
5727000,612.18
5728000,619.525
5729000,618.64
5730000,605
5731000,596.195
5732000,582.615
5733000,590.17
5734000,594.095
5735000,581.87
5736000,584.635
5737000,587.8
5738000,604.835
5739000,607.16
5740000,606.28
5741000,607.85
5742000,607.85
5743000,603.8275
5744000,596.93
5745000,608.2
5746000,613.3875
5747000,607.6275
5748000,607.5175
5749000,606.4025
5750000,606.02
5751000,602.7075
5752000,601.2025
5753000,601.9275
5754000,595.405
5755000,597.88
5756000,597.77
5757000,602.5425
5758000,605.48
5759000,604.925
5760000,601.645
5761000,599.16
5762000,575
5763000,574.38
5764000,561.37
5765000,564.6425
5766000,529.5
5767000,509.79
5768000,529.5
5769000,529.63
5770000,531.09
5771000,515.3625
5772000,517.25
5773000,531.5
5774000,530.11
5775000,530.49
5776000,535.9225
5777000,522.6325
5778000,494.225
5779000,495.1525
5780000,496.275
5781000,466.2225
5782000,475.9525
5783000,474.015
5784000,469.665
5785000,477.815
5786000,490.465
5787000,481.625
5788000,473.1525
5789000,517.2925
5790000,518.3625
5791000,515.6875
5792000,506.115
5793000,493.295
5794000,494.8575
5795000,502.5325
5796000,492.2575
5797000,490.445
5798000,499.52
5799000,499.775
5800000,487.82
5801000,500.39
5802000,499.56
5803000,502.2
5804000,501.3675
5805000,501.31
5806000,496.535
5807000,499.4
5808000,498.42
5809000,490.17
5810000,493.63
5811000,492.89
5812000,517.78
5813000,518.935
5814000,517.185
5815000,516.37
5816000,519.985
5817000,543.555
5818000,532.575
5819000,532.31
5820000,521.185
5821000,521.185
5822000,520.59
5823000,533.065
5824000,533.065
5825000,536.485
5826000,535.29
5827000,538
5828000,534.38
5829000,534.305
5830000,529.3
5831000,525.33
5832000,512.76
5833000,502.8
5834000,488.95
5835000,474.055
5836000,480.935
5837000,464.04
5838000,471.285
5839000,466.9
5840000,470.685
5841000,471.9175
5842000,474.5575
5843000,475.88
5844000,465.6175
5845000,443.405
5846000,439.6625
5847000,435.14
5848000,455.82
5849000,454.795
5850000,451.1
5851000,449.905
5852000,456.17
5853000,464.715
5854000,459.8
5855000,456.065
5856000,460.365
5857000,450.305
5858000,447.585
5859000,444.2275
5860000,436.175
5861000,426.73
5862000,430.07
5863000,437.905
5864000,430.935
5865000,431.07
5866000,445.12
5867000,436.175
5868000,433.335
5869000,434.765
5870000,435.415
5871000,436.04
5872000,417.7125
5873000,418.61
5874000,416.29
5875000,414.715
5876000,408.765
5877000,411.075
5878000,452.82
5879000,448.635
5880000,451.245
5881000,454.405
5882000,446.41
5883000,443.535
5884000,451.3075
5885000,451.9525
5886000,452.84
5887000,454.13
5888000,446.07
5889000,449.18
5890000,450.1675
5891000,449.41
5892000,448.3325
5893000,475.1475
5894000,475.325
5895000,475.545
5896000,477.04
5897000,481.205
5898000,469.595
5899000,470.34
5900000,468.345
5901000,468.76
5902000,458.055
5903000,459.635
5904000,464.45
5905000,477.875
5906000,477.805
5907000,466.895
5908000,469.135
5909000,470.08
5910000,472.96
5911000,471.94
5912000,460.87
5913000,466.0425
5914000,466.9525
5915000,456.46788346
5916000,467.8625
5917000,467.8375
5918000,468.35
5919000,469.2875
5920000,468.195
5921000,469.75
5922000,466.4
5923000,467.7025
5924000,465.58
5925000,488.32
5926000,485.39
5927000,485.22
5928000,485.33
5929000,487.395
5930000,490
5931000,482.61
5932000,481.765
5933000,480.2175
5934000,480.54
5935000,478
5936000,475.685
5937000,460.215
5938000,457.91
5939000,432.345
5940000,440.495
5941000,439.45
5942000,433.3625
5943000,433.5775
5944000,434.745
5945000,441.3
5946000,436.675
5947000,438.555
5948000,442.1475
5949000,439.805
5950000,434.04
5951000,433.23
5952000,433.58
5953000,430
5954000,432.835
5955000,434.005
5956000,435.2
5957000,438.045
5958000,437.185
5959000,430.0975
5960000,432.405
5961000,432.415
5962000,432.8025
5963000,432.0925
5964000,437.7625
5965000,437.545
5966000,435.005
5967000,432.07
5968000,435.92
5969000,444.88
5970000,450.455
5971000,452.26
5972000,451.8925
5973000,446.19
5974000,457.2825
5975000,473.5575
5976000,473.37
5977000,475.67
5978000,475.67
5979000,475.71
5980000,473.905
5981000,468.09
5982000,508.26
5983000,504.47
5984000,500.59
5985000,503.24
5986000,500.67
5987000,495.2175
5988000,487.2575
5989000,475.99
5990000,474.415
5991000,475.965
5992000,477.05
5993000,476.5475
5994000,466.9475
5995000,466.875
5996000,464.5675
5997000,463.68
5998000,464.6675
5999000,461.9025
6000000,444.5875
6001000,444.96
6002000,453.8275
6003000,463.08
6004000,453.3275
6005000,461.97
6006000,462.3
6007000,461.475
6008000,461.475
6009000,460.39
6010000,462.88
6011000,462.985
6012000,463.55
6013000,456.95
6014000,464.295
6015000,465.77
6016000,461.5
6017000,459.855
6018000,450.96
6019000,450.52
6020000,450.96
6021000,471
6022000,474.26
6023000,473.27
6024000,473.14
6025000,480.875
6026000,480.875
6027000,472.795
6028000,472
6029000,470.68
6030000,471.175
6031000,473.145
6032000,476.475
6033000,480.925
6034000,476.475
6035000,475.25
6036000,465.11
6037000,463.975
6038000,463.865
6039000,459.59
6040000,459.195
6041000,466.525
6042000,467.74
6043000,468.875
6044000,468.875
6045000,469.51
6046000,466.905
6047000,466.0025
6048000,466.1375
6049000,467.225
6050000,466.005
6051000,464.24
6052000,464.06
6053000,465.745
6054000,466.04
6055000,465.745
6056000,463.8
6057000,463.505
6058000,459.81
6059000,449.42
6060000,454.14
6061000,451.43
6062000,450.89
6063000,437.925
6064000,430.065
6065000,432.48
6066000,432.09
6067000,414.22
6068000,420.34
6069000,424.67
6070000,423.48
6071000,418.53
6072000,419.66
6073000,420.69
6074000,420
6075000,419.74
6076000,411.145
6077000,409.6
6078000,403.2825
6079000,401.43
6080000,408.455
6081000,409.015
6082000,412.1
6083000,417.7
6084000,417.375
6085000,418.235
6086000,417.8
6087000,408.59
6088000,408.27
6089000,408
6090000,406.03
6091000,406.08
6092000,405.28
6093000,405.735
6094000,405.315
6095000,410.5725
6096000,411.565
6097000,411.84
6098000,409.7975
6099000,407.695
6100000,404.64
6101000,404.525
6102000,404.64
6103000,405.41
6104000,406.015
6105000,409.36
6106000,408.66
6107000,377.99
6108000,377.505
6109000,370.36
6110000,368.5
6111000,359.9925
6112000,356.405
6113000,356.71
6114000,356.67
6115000,360.37
6116000,360.305
6117000,362.465
6118000,362.465
6119000,369.12
6120000,362.015
6121000,360.265
6122000,359.2575
6123000,358.9225
6124000,357.6525
6125000,329.085
6126000,323.725
6127000,315.075
6128000,316.97
6129000,309.99
6130000,324.51
6131000,326.21
6132000,319.56
6133000,323.155
6134000,321.615
6135000,320.005
6136000,320.92
6137000,319.795
6138000,319.535
6139000,316.34
6140000,318.75
6141000,299.53
6142000,288.19
6143000,272.49
6144000,270.095
6145000,268.93
6146000,262.5725
6147000,256.4925
6148000,260.9975
6149000,280.35
6150000,287.395
6151000,287.0475
6152000,282.4
6153000,301.9225
6154000,288.43
6155000,279.23
6156000,283.89
6157000,290.775
6158000,289.655
6159000,290.91
6160000,284.305
6161000,287.585
6162000,297.915
6163000,299.285
6164000,298.745
6165000,304.1475
6166000,306.5075
6167000,314.83
6168000,312.4
6169000,308.37
6170000,303.575
6171000,288.52
6172000,295.775
6173000,293.36
6174000,295.045
6175000,296.07
6176000,303.42
6177000,295.57
6178000,300.02
6179000,302.115
6180000,298.32
6181000,289.945
6182000,285.675
6183000,288.97
6184000,272.915
6185000,273.005
6186000,276.43
6187000,285.05
6188000,275.3775
6189000,273.5875
6190000,279.3175
6191000,293.0025
6192000,286.22
6193000,284.395
6194000,284.395
6195000,275.05
6196000,270.24
6197000,271.735
6198000,271.7275
6199000,273.175
6200000,273.9
6201000,273.59
6202000,274.3
6203000,275.14
6204000,274.5
6205000,275.26
6206000,271.745
6207000,279.31
6208000,281.26
6209000,280
6210000,279.815
6211000,279.39
6212000,279.515
6213000,279.36
6214000,279.2
6215000,271.2475
6216000,271.7325
6217000,272.345
6218000,275.0125
6219000,273.915
6220000,272.6975
6221000,278.1825
6222000,278.1825
6223000,277.045
6224000,276.075
6225000,276.51
6226000,285.9375
6227000,284.7775
6228000,285.345
6229000,285.4
6230000,290.095
6231000,293.75
6232000,295.785
6233000,291.8
6234000,291.8175
6235000,294.875
6236000,288.565
6237000,289.1075
6238000,289.1275
6239000,288.6625
6240000,276.83
6241000,276.52
6242000,277.9925
6243000,284.455
6244000,281.53
6245000,281.425
6246000,281.075
6247000,280.22
6248000,280.2475
6249000,282.37
6250000,282.2
6251000,285.455
6252000,287.055
6253000,285.0525
6254000,295.52
6255000,296.8475
6256000,294.4775
6257000,295.64
6258000,294.015
6259000,291.73
6260000,293.37
6261000,293.85
6262000,292.505
6263000,288.325
6264000,288.14
6265000,288.44
6266000,288.53
6267000,288.79
6268000,288.655
6269000,282.535
6270000,285.19
6271000,290.885
6272000,285.87
6273000,285.215
6274000,284.54
6275000,284.515
6276000,255.4875
6277000,258.22
6278000,244.1075
6279000,239.09
6280000,229.73
6281000,224.515
6282000,224.975
6283000,229.6
6284000,223.4025
6285000,225.915
6286000,230.76
6287000,228.11
6288000,218.005
6289000,219.15
6290000,217.855
6291000,216.255
6292000,217.93
6293000,216.33
6294000,217.89
6295000,216.75
6296000,199.69
6297000,197.46
6298000,187.66
6299000,190.175
6300000,201.1
6301000,202.16
6302000,201.965
6303000,196
6304000,200.7025
6305000,197.9825
6306000,196.1675
6307000,194.675
6308000,193.4925
6309000,196.51
6310000,196.64
6311000,193.5825
6312000,190.28
6313000,184.595
6314000,180.685
6315000,183.975
6316000,175.51
6317000,170.32
6318000,170.14
6319000,172.075
6320000,179.64
6321000,183.19
6322000,189.3725
6323000,188.07
6324000,195.98
6325000,201.9875
6326000,202.6075
6327000,212.84
6328000,222.215
6329000,214.66
6330000,208.925
6331000,205.45
6332000,218.0125
6333000,210.725
6334000,213.795
6335000,213.67
6336000,216.145
6337000,224.065
6338000,223.87
6339000,222.08
6340000,217.235
6341000,213.555
6342000,219.375
6343000,216.96
6344000,218.145
6345000,221.825
6346000,222.775
6347000,219.415
6348000,219.37
6349000,213.295
6350000,203.565
6351000,196.3675
6352000,196.525
6353000,196.66
6354000,197.2
6355000,211.525
6356000,209.4675
6357000,209.915
6358000,210.4975
6359000,211.595
6360000,210.01
6361000,206.62
6362000,205.53
6363000,209.76
6364000,210.105
6365000,207.64
6366000,207.64
6367000,212.3925
6368000,210.27
6369000,213.04
6370000,222.5225
6371000,222.75
6372000,225.2675
6373000,228.7525
6374000,228.51
6375000,244.045
6376000,246.0575
6377000,242.27
6378000,237.0075
6379000,238.2925
6380000,239.2675
6381000,242.725
6382000,238.57
6383000,239.03
6384000,245.2275
6385000,245.33
6386000,242.39
6387000,242.585
6388000,243.105
6389000,242.3325
6390000,233.8325
6391000,233.905
6392000,234.43
6393000,234.375
6394000,223.48
6395000,220.44
6396000,210.82
6397000,210.0575
6398000,211.0025
6399000,214.2575
6400000,217.4375
6401000,209.6275
6402000,212.9
6403000,215.16
6404000,219.7
6405000,217.25
6406000,216.595
6407000,217.7
6408000,211.96
6409000,214.63
6410000,217.7075
6411000,229.9125
6412000,228.35
6413000,228.6375
6414000,230.2225
6415000,224.38
6416000,225.3475
6417000,222.2475
6418000,220.28
6419000,216.475
6420000,216.09
6421000,231.3275
6422000,230.135
6423000,230.36
6424000,232.425
6425000,230.105
6426000,229.9925
6427000,236.29
6428000,235.2775
6429000,233.7075
6430000,232.485
6431000,232.795
6432000,230.865
6433000,230.6375
6434000,226.605
6435000,228.525
6436000,229.245
6437000,229.89
6438000,229.8325
6439000,228.49
6440000,227.8275
6441000,224.865
6442000,224.865
6443000,224.575
6444000,218.5025
6445000,216.4375
6446000,218.385
6447000,219.0975
6448000,217.6725
6449000,223.645
6450000,223.89
6451000,223.165
6452000,222.3725
6453000,222.4525
6454000,222.4275
6455000,220.38
6456000,220.04
6457000,219.5075
6458000,219.52
6459000,221.455
6460000,221.93
6461000,226.835
6462000,226.2775
6463000,226.2
6464000,225.795
6465000,225.485
6466000,223.3875
6467000,223.29
6468000,223.29
6469000,224.22
6470000,223.4675
6471000,221.7975
6472000,221.8525
6473000,222.9275
6474000,224.5825
6475000,223.8625
6476000,223.8075
6477000,228.1675
6478000,227.855
6479000,227.855
6480000,227.845
6481000,227.785
6482000,227.25
6483000,226.96
6484000,226.885
6485000,226.7675
6486000,226.6375
6487000,223.39
6488000,223
6489000,222.8075
6490000,222.895
6491000,223.015
6492000,222.82
6493000,201.6975
6494000,197.5
6495000,196.915
6496000,198.785
6497000,199.13
6498000,188.405
6499000,192.245
6500000,196.215
6501000,194.05
6502000,196.41
6503000,194.8
6504000,194.42
6505000,195.86
6506000,196.055
6507000,196.65
6508000,197.445
6509000,197.235
6510000,196.85
6511000,196.9
6512000,197.235
6513000,198.01
6514000,197.985
6515000,197.42
6516000,197.225
6517000,192.755
6518000,209.98
6519000,202.555
6520000,201.275
6521000,200.13
6522000,199.845
6523000,203.54
6524000,203.39
6525000,203.555
6526000,203.675
6527000,204
6528000,204.27
6529000,204.48
6530000,205.22
6531000,205.215
6532000,204.085
6533000,204.09
6534000,203.53
6535000,203.495
6536000,203.58
6537000,203.88
6538000,203.525
6539000,199.98
6540000,199.1825
6541000,199.07
6542000,199.4675
6543000,199.3325
6544000,199.4925
6545000,200.03
6546000,200.2975
6547000,200.375
6548000,200.0425
6549000,202.8275
6550000,202.9175
6551000,202.79
6552000,202.225
6553000,202.265
6554000,203.3775
6555000,204.1575
6556000,204.2
6557000,203.43
6558000,203.575
6559000,202.9525
6560000,202.3
6561000,202.3
6562000,202.055
6563000,201.525
6564000,201.05
6565000,200.755
6566000,200.98
6567000,200.96
6568000,200.325
6569000,200.295
6570000,198.91
6571000,199.015
6572000,201.21
6573000,201.355
6574000,201.4
6575000,201.52
6576000,201.66
6577000,201.235
6578000,200.845
6579000,200.63
6580000,199.4175
6581000,199.7
6582000,199.625
6583000,199.77
6584000,200.12
6585000,199.71
6586000,199.51
6587000,203.06
6588000,199.81
6589000,200.06
6590000,200.345
6591000,200.88
6592000,201.135
6593000,201.085
6594000,201
6595000,201
6596000,201.215
6597000,201.355
6598000,201.49
6599000,201.48
6600000,201.48
6601000,201.97
6602000,201.94
6603000,202.43
6604000,202.43
6605000,202.09
6606000,194.83
6607000,194.805
6608000,194.025
6609000,194.12
6610000,194.69
6611000,194.38
6612000,194.38
6613000,194.46
6614000,194.41
6615000,194.46
6616000,195.165
6617000,195.1225
6618000,194.89
6619000,196.48
6620000,196.4
6621000,196.4425
6622000,196.435
6623000,196.515
6624000,196.65
6625000,196.62
6626000,196.71
6627000,197.73
6628000,198.445
6629000,198.38
6630000,198.28
6631000,199.7
6632000,199.845
6633000,199.775
6634000,199.06
6635000,199.025
6636000,198.8
6637000,198.49
6638000,198.5
6639000,198.49
6640000,198.395
6641000,198.45
6642000,200.01
6643000,204.07
6644000,211.105
6645000,210.1575
6646000,209.48
6647000,207.625
6648000,207.85
6649000,208.85
6650000,206.61
6651000,206.875
6652000,207.385
6653000,208.235
6654000,212.3
6655000,214.01
6656000,213.48
6657000,217.97
6658000,220.485
6659000,218.035
6660000,218.885
6661000,217.61
6662000,216.915
6663000,216.915
6664000,216.925
6665000,212.62
6666000,213.01
6667000,214.83
6668000,212.535
6669000,212.7
6670000,210.065
6671000,210.695
6672000,209.05
6673000,208.89
6674000,208.78
6675000,208.075
6676000,208.22
6677000,210.135
6678000,210.135
6679000,209.71
6680000,211.13
6681000,211.45
6682000,211.335
6683000,210.985
6684000,210.22
6685000,210
6686000,207.545
6687000,207.545
6688000,207.8
6689000,210.06
6690000,209.615
6691000,209.56
6692000,209.77
6693000,208.74
6694000,208.5825
6695000,206.93
6696000,206.91
6697000,205.125
6698000,205.7075
6699000,204.42
6700000,203.31
6701000,203.29
6702000,203.98
6703000,198.615
6704000,179.185
6705000,166.76
6706000,177.18
6707000,174.355
6708000,176.51
6709000,171.54
6710000,173.955
6711000,178.05
6712000,178.305
6713000,177.94
6714000,177.46
6715000,175.595
6716000,175.595
6717000,174.63
6718000,170.915
6719000,172
6720000,172.045
6721000,173.11
6722000,172.295
6723000,172.13
6724000,172.13
6725000,172.325
6726000,174.575
6727000,174.46
6728000,173.965
6729000,173.965
6730000,174.015
6731000,169.38
6732000,162.005
6733000,156.475
6734000,153.04
6735000,153.175
6736000,146.485
6737000,148.02
6738000,138.09
6739000,131.685
6740000,131.43
6741000,134.805
6742000,130.44
6743000,127.96
6744000,126.72
6745000,135.215
6746000,132.94
6747000,132.115
6748000,132.265
6749000,134.71
6750000,135.315
6751000,131.75
6752000,127.885
6753000,130.32
6754000,129.11
6755000,118.88
6756000,120.23
6757000,122.76
6758000,120.125
6759000,118.125
6760000,118.87
6761000,125.0125
6762000,123.28
6763000,121.355
6764000,120.5825
6765000,120.2
6766000,118.6525
6767000,110.84
6768000,103.68
6769000,103.885
6770000,108.41
6771000,108.335
6772000,109.115
6773000,114.58
6774000,113.4775
6775000,116.0325
6776000,113.42
6777000,107.965
6778000,108.645
6779000,104.9325
6780000,104.535
6781000,105.92
6782000,103.18
6783000,103.53
6784000,105.515
6785000,108.8625
6786000,109.355
6787000,114.5675
6788000,113.37
6789000,118.645
6790000,122.89
6791000,120.9175
6792000,117.905
6793000,118.1375
6794000,120.5925
6795000,117.5225
6796000,117.235
6797000,115.8125
6798000,117.57
6799000,116.785
6800000,113.255
6801000,111.2325
6802000,113.22
6803000,110.97
6804000,110.985
6805000,111.01
6806000,115.1875
6807000,117.45
6808000,118.29
6809000,116.675
6810000,118.4025
6811000,115.055
6812000,115.0925
6813000,114.9775
6814000,115.145
6815000,115.32
6816000,112.415
6817000,112.405
6818000,112.3125
6819000,112.35
6820000,106.695
6821000,107.37
6822000,107.885
6823000,107.6125
6824000,110.415
6825000,110.115
6826000,109.5975
6827000,109.2475
6828000,107.0325
6829000,106.7125
6830000,106.7425
6831000,107.3575
6832000,102.815
6833000,102.755
6834000,101.025
6835000,102.65
6836000,102.545
6837000,97.305
6838000,95.4425
6839000,95.6575
6840000,86.2425
6841000,87.145
6842000,83.6425
6843000,85.7375
6844000,83.7575
6845000,91.9575
6846000,94.8425
6847000,92.7675
6848000,89.4625
6849000,87.0575
6850000,88.135
6851000,85.06
6852000,90.505
6853000,90.46
6854000,90.24
6855000,91.9075
6856000,96.5725
6857000,94.46
6858000,93.94
6859000,92.08
6860000,90.0575
6861000,90.6875
6862000,89.7975
6863000,88.6675
6864000,88.875
6865000,89.0275
6866000,89.1175
6867000,86.2475
6868000,86.07
6869000,86.135
6870000,86.23
6871000,86.23
6872000,88.02
6873000,89.055
6874000,90.015
6875000,90.0175
6876000,89.775
6877000,88.1125
6878000,88.06
6879000,88.42
6880000,89.87
6881000,86.185
6882000,84.4625
6883000,85.7275
6884000,85.3975
6885000,85.045
6886000,85.0125
6887000,83.3925
6888000,83.4675
6889000,83.715
6890000,83.715
6891000,83.195
6892000,81.805
6893000,81.79
6894000,83.2
6895000,86.21
6896000,85.74
6897000,85.515
6898000,85.89
6899000,85.29
6900000,83.965
6901000,83.965
6902000,84.05
6903000,85.66
6904000,88.87
6905000,95.33
6906000,93.26
6907000,93.71
6908000,93.15
6909000,92.4625
6910000,94.6375
6911000,92.845
6912000,100.0875
6913000,103.355
6914000,101.075
6915000,103.64
6916000,104.115
6917000,102.09
6918000,99.86
6919000,101.165
6920000,109.535
6921000,107.36
6922000,114.77
6923000,110.17
6924000,117.5825
6925000,110.5
6926000,115.115
6927000,115.79
6928000,108.44
6929000,108.155
6930000,108.15
6931000,106.2475
6932000,112.2275
6933000,109.905
6934000,110.23
6935000,112.245
6936000,123.6675
6937000,128.13
6938000,130.705
6939000,127.485
6940000,127.8375
6941000,130.375
6942000,148.255
6943000,146.5075
6944000,143.81
6945000,155.8
6946000,136.355
6947000,143.205
6948000,130.68
6949000,126.9775
6950000,124.8375
6951000,123.7875
6952000,128.6725
6953000,127
6954000,133.72
6955000,130.44
6956000,127.705
6957000,124.625
6958000,129.0775
6959000,129.7925
6960000,126.645
6961000,122.76
6962000,124.9475
6963000,123.245
6964000,115.4375
6965000,114.52
6966000,114.505
6967000,116.21
6968000,116.31
6969000,132.8575
6970000,134.8525
6971000,138.115
6972000,135.82
6973000,137.2425
6974000,133.9775
6975000,134.175
6976000,136.855
6977000,132.2275
6978000,133.295
6979000,133.67
6980000,136.245
6981000,137.015
6982000,136.985
6983000,137.5175
6984000,135.4275
6985000,135.125
6986000,134.97
6987000,135.2925
6988000,129.705
6989000,131.365
6990000,131.585
6991000,133.9675
6992000,134.3075
6993000,134.125
6994000,138.305
6995000,139.9075
6996000,139.61
6997000,146.32
6998000,151.8225
6999000,149.58
7000000,154.6775
7001000,151.815
7002000,152.2925
7003000,148.4875
7004000,148.7325
7005000,146.15
7006000,148.14
7007000,151.22
7008000,154.3375
7009000,151.39
7010000,147.9775
7011000,152.4075
7012000,158.65
7013000,158.65
7014000,155.51
7015000,156.2625
7016000,156.4125
7017000,154.41
7018000,150.0675
7019000,151.1675
7020000,152.87
7021000,152.23
7022000,157.6125
7023000,155.3425
7024000,154.845
7025000,154.33
7026000,151.94
7027000,152.09
7028000,150.575
7029000,147.955
7030000,147.83
7031000,148.005
7032000,151.085
7033000,150.1775
7034000,149.2875
7035000,152.285
7036000,152.2775
7037000,150.685
7038000,149.88
7039000,149.88
7040000,149.73
7041000,146.975
7042000,131.475
7043000,131.67
7044000,123.62
7045000,127.01
7046000,127.15
7047000,127.5675
7048000,123.4975
7049000,126.1475
7050000,125.095
7051000,125.485
7052000,125.985
7053000,125.705
7054000,125.625
7055000,125.7525
7056000,125.265
7057000,124.155
7058000,124.1
7059000,124.09
7060000,117.91
7061000,113.935
7062000,115.26
7063000,116.26
7064000,116.995
7065000,116.755
7066000,128.725
7067000,127.745
7068000,128.745
7069000,128.53
7070000,125.73
7071000,128.4725
7072000,125.5275
7073000,120.25
7074000,119.925
7075000,120.35
7076000,125.505
7077000,121.905
7078000,122.0675
7079000,121.95
7080000,120.37
7081000,119.295
7082000,120.3275
7083000,121.6625
7084000,122.175
7085000,122.015
7086000,121.7
7087000,121.5975
7088000,120.2875
7089000,119.1975
7090000,119.96
7091000,120.245
7092000,120.4575
7093000,125.4375
7094000,124.815
7095000,123.84
7096000,123.4625
7097000,123.3675
7098000,122.9175
7099000,116.885
7100000,116.865
7101000,117.6675
7102000,117.3775
7103000,114.47
7104000,117.025
7105000,116.815
7106000,116.375
7107000,116.375
7108000,115.96
7109000,115.9875
7110000,117.8725
7111000,118.3225
7112000,118.32
7113000,118.26
7114000,117.6625
7115000,117.3675
7116000,115.7175
7117000,115.84
7118000,115.395
7119000,115.4125
7120000,115.615
7121000,116.305
7122000,116.37
7123000,116.325
7124000,116.14
7125000,115.4
7126000,114.98
7127000,115.025
7128000,115.485
7129000,116.11
7130000,115.98
7131000,115.555
7132000,115.21
7133000,114.52
7134000,114.395
7135000,112.585
7136000,113.225
7137000,110.11
7138000,106.505
7139000,104.455
7140000,102.18
7141000,103.625
7142000,104.525
7143000,103.23
7144000,103.795
7145000,104.72
7146000,104.72
7147000,103.97
7148000,104.475
7149000,107.675
7150000,107.87
7151000,107.605
7152000,108.9725
7153000,107.6425
7154000,106.65
7155000,105.7525
7156000,105.7275
7157000,103.775
7158000,103.9275
7159000,105.725
7160000,105.71
7161000,106.275
7162000,106.28
7163000,105.4825
7164000,105.52
7165000,106.2475
7166000,109.19
7167000,108.88
7168000,106.955
7169000,106.935
7170000,106.2925
7171000,106.13
7172000,106.06
7173000,105.985
7174000,106.09
7175000,106.255
7176000,106.255
7177000,105.835
7178000,105.835
7179000,105.9
7180000,105.81
7181000,101.79
7182000,101.835
7183000,101.55
7184000,104.44
7185000,102.82
7186000,103.405
7187000,104.01
7188000,103.87
7189000,103.48
7190000,103.385
7191000,103.19
7192000,103.075
7193000,106.86
7194000,118.285
7195000,117.74
7196000,117.31
7197000,117.285
7198000,117.85
7199000,118.055
7200000,117.685
7201000,117.97
7202000,115.51
7203000,115.65
7204000,117.21
7205000,120.09
7206000,120.005
7207000,120.08
7208000,119.7775
7209000,118.2175
7210000,118.95
7211000,118.95
7212000,118.985
7213000,121.025
7214000,121.735
7215000,122.0325
7216000,120.7425
7217000,120.3
7218000,122.095
7219000,120.905
7220000,120.2475
7221000,120.2475
7222000,119.965
7223000,121.25
7224000,120.93
7225000,120.265
7226000,120.3875
7227000,121.415
7228000,121.43
7229000,121.795
7230000,121.795
7231000,122.1775
7232000,125.08
7233000,125.4975
7234000,132.215
7235000,135.8525
7236000,137.7425
7237000,143.5975
7238000,142.8025
7239000,145.515
7240000,145.5775
7241000,145.5875
7242000,144.6925
7243000,141.21
7244000,142.3
7245000,145.75
7246000,145.75
7247000,145.535
7248000,145.825
7249000,142.79
7250000,142.59
7251000,143.415
7252000,145.01
7253000,145.635
7254000,145.71
7255000,147.04
7256000,146.44
7257000,145.995
7258000,146.51
7259000,157.7825
7260000,162.95
7261000,163.82
7262000,143.39
7263000,137.415
7264000,134.02
7265000,137.205
7266000,137.1
7267000,137.975
7268000,137.045
7269000,137.1175
7270000,135.7925
7271000,135.155
7272000,135.235
7273000,135.19
7274000,137.8725
7275000,137.9425
7276000,128.88
7277000,135.6875
7278000,135.63
7279000,136.275
7280000,135.345
7281000,135.095
7282000,135.15
7283000,134.685
7284000,135.4
7285000,135.005
7286000,136.76
7287000,135.23
7288000,134.94
7289000,132.9975
7290000,132.8225
7291000,132.8675
7292000,131.2575
7293000,131.7975
7294000,133.745
7295000,133.39
7296000,133.2275
7297000,133.18
7298000,130.8975
7299000,130.8175
7300000,130.34
7301000,127.675
7302000,126.04
7303000,124.4725
7304000,125.6025
7305000,125.5725
7306000,125.7625
7307000,125.345
7308000,125.9875
7309000,127.345
7310000,133.7925
7311000,136.26
7312000,134.7925
7313000,135.2575
7314000,135
7315000,135.3
7316000,137.855
7317000,137.12
7318000,136.49
7319000,136.425
7320000,137.9825
7321000,137.9825
7322000,135.9875
7323000,136.055
7324000,136.1725
7325000,136.97
7326000,136.845
7327000,136.11
7328000,135.565
7329000,135.4925
7330000,135.675
7331000,136.295
7332000,132.775
7333000,133.5575
7334000,136.6975
7335000,136.6975
7336000,136.725
7337000,135.8275
7338000,135.8275
7339000,135.89
7340000,135.525
7341000,135.405
7342000,135.34
7343000,134.8775
7344000,134.91
7345000,134.975
7346000,135.2875
7347000,132.7
7348000,132.3525
7349000,132.22
7350000,131.455
7351000,131.965
7352000,130.7
7353000,128.8525
7354000,132.1375
7355000,132.1375
7356000,131.98
7357000,131.76
7358000,131.855
7359000,131.9325
7360000,131.39
7361000,131.39
7362000,131.0275
7363000,131.0275
7364000,131.0275
7365000,131.09
7366000,131.38
7367000,131.365
7368000,131.145
7369000,131.305
7370000,131.315
7371000,132.3925
7372000,132.5325
7373000,132.5475
7374000,133.7175
7375000,136.445
7376000,136.355
7377000,136.445
7378000,142.1325
7379000,142.025
7380000,141.7475
7381000,138.77
7382000,139.7175
7383000,139.835
7384000,137.59
7385000,137.6375
7386000,137.8475
7387000,138.35
7388000,138.35
7389000,138.565
7390000,138.8925
7391000,139.0125
7392000,137.2725
7393000,136.615
7394000,137.05
7395000,137.05
7396000,137.315
7397000,137.4975
7398000,137.07
7399000,137.0325
7400000,137.1625
7401000,137.4575
7402000,137.5575
7403000,137.53
7404000,137.005
7405000,137.005
7406000,137.5725
7407000,137.5625
7408000,137.5225
7409000,138.14
7410000,138.3125
7411000,138.37
7412000,138.32
7413000,134.8925
7414000,134.8925
7415000,135.28
7416000,134.5
7417000,134.5
7418000,134.6025
7419000,135.74
7420000,135.9775
7421000,136.045
7422000,135.9075
7423000,135.9
7424000,136.3525
7425000,136.61
7426000,136.425
7427000,136.1
7428000,136.095
7429000,136.035
7430000,135.98
7431000,135.59
7432000,135.835
7433000,135.78
7434000,134.81
7435000,134.87
7436000,135.12
7437000,135.5
7438000,135.25
7439000,134.63
7440000,132.85
7441000,133.085
7442000,133.115
7443000,133.28
7444000,133.245
7445000,132.75
7446000,132.765
7447000,132.96
7448000,135.565
7449000,136.28
7450000,136.67
7451000,137.95
7452000,137.77
7453000,137.73
7454000,138.79
7455000,137.935
7456000,137.7
7457000,137.5175
7458000,137.6
7459000,137.455
7460000,137.24
7461000,137.305
7462000,137.43
7463000,141.36
7464000,141.115
7465000,141.115
7466000,140.76
7467000,144.07
7468000,143.665
7469000,143.665
7470000,141.5525
7471000,141.41
7472000,141.465
7473000,141.9
7474000,141.9
7475000,141.1425
7476000,141.075
7477000,141.09
7478000,141.075
7479000,141.065
7480000,141.0825
7481000,141.285
7482000,142.3025
7483000,141.975
7484000,141.81
7485000,140.77
7486000,141.1275
7487000,149.955
7488000,152.5725
7489000,156.3225
7490000,155.445
7491000,159.865
7492000,165.4325
7493000,174.25
7494000,169.33
7495000,166.2475
7496000,169.565
7497000,174.305
7498000,173.7925
7499000,162.845
7500000,162.78
7501000,162.62
7502000,160.825
7503000,157.57
7504000,155.2
7505000,157.7175
7506000,157.3425
7507000,163.0525
7508000,163.5825
7509000,164.0725
7510000,164.29
7511000,165.29
7512000,164.8225
7513000,164.8075
7514000,161.6375
7515000,164.1675
7516000,168.2625
7517000,164.5875
7518000,164.7225
7519000,167.4375
7520000,167.725
7521000,167.385
7522000,167.8175
7523000,167.98
7524000,174.195
7525000,182.86
7526000,182.1475
7527000,181.3525
7528000,177.3375
7529000,179.08
7530000,181.4075
7531000,178.78
7532000,177.585
7533000,177.0325
7534000,178.04
7535000,178.04
7536000,177.85
7537000,176.59
7538000,179.77
7539000,180.96
7540000,180.385
7541000,180.37
7542000,184.035
7543000,176.125
7544000,176.125
7545000,172.245
7546000,168.525
7547000,164.15
7548000,164.135
7549000,164.47
7550000,165.28
7551000,164.6
7552000,164.55
7553000,165.79
7554000,165.445
7555000,165.445
7556000,164.63
7557000,164.56
7558000,164.63
7559000,164.605
7560000,164.59
7561000,164.185
7562000,163.43
7563000,163.43
7564000,163.235
7565000,162.635
7566000,162.815
7567000,162.945
7568000,164.05
7569000,167.49
7570000,167.6475
7571000,167.795
7572000,167.185
7573000,167.125
7574000,158.835
7575000,159.125
7576000,160.37
7577000,161.29
7578000,161.695
7579000,162.0975
7580000,163.585
7581000,166.5675
7582000,166.2775
7583000,166.975
7584000,166.5475
7585000,166.43
7586000,166.4
7587000,165.965
7588000,166.245
7589000,171.905
7590000,171.905
7591000,171.83
7592000,171.655
7593000,171.835
7594000,175.185
7595000,175.14
7596000,171.72
7597000,171.73
7598000,171.785
7599000,173.28
7600000,172.71
7601000,172.74
7602000,173.14
7603000,173.825
7604000,173.825
7605000,173.625
7606000,173.6
7607000,172.985
7608000,172.935
7609000,172.985
7610000,170.965
7611000,167.815
7612000,167.84
7613000,167.84
7614000,169.665
7615000,169.705
7616000,169.705
7617000,170.845
7618000,170.875
7619000,170.9
7620000,171.72
7621000,171.65
7622000,172.2
7623000,175.34
7624000,175.255
7625000,175.34
7626000,173.895
7627000,170.2925
7628000,169.64
7629000,165.2925
7630000,165.2925
7631000,165.135
7632000,162.045
7633000,163.935
7634000,165.265
7635000,165.265
7636000,162.9
7637000,162.9
7638000,163.89
7639000,164.71
7640000,150.45
7641000,154.535
7642000,152.165
7643000,151.905
7644000,151.74
7645000,151.305
7646000,152.065
7647000,152.6775
7648000,153.29
7649000,153.3625
7650000,153.565
7651000,156.3825
7652000,157.1025
7653000,156.8825
7654000,155.2475
7655000,155.145
7656000,155.145
7657000,154.86
7658000,154.75
7659000,154.685
7660000,153.665
7661000,153.96
7662000,152.2325
7663000,150.75
7664000,153.6175
7665000,152.465
7666000,153.955
7667000,154.545
7668000,154.545
7669000,156.265
7670000,157.1075
7671000,157.065
7672000,161.79
7673000,160.85
7674000,160.6025
7675000,158.6575
7676000,158.6125
7677000,158.63
7678000,157.4125
7679000,157.445
7680000,157.5025
7681000,158.71
7682000,158.5075
7683000,158.645
7684000,157.775
7685000,157.89
7686000,159.055
7687000,159.98
7688000,165.975
7689000,165.975
7690000,165.37
7691000,165.85
7692000,166.02
7693000,161.89
7694000,162.335
7695000,160.5425
7696000,160.185
7697000,162.42
7698000,163.445
7699000,163.445
7700000,161.12
7701000,161.12
7702000,161.12
7703000,160.87
7704000,161.4175
7705000,160.8
7706000,158.5975
7707000,162.1775
7708000,165.7925
7709000,173.825
7710000,173.1925
7711000,177.725
7712000,177.08
7713000,177.08
7714000,175.7975
7715000,171.64
7716000,170.7075
7717000,165.4975
7718000,166.9275
7719000,167.61
7720000,168.8675
7721000,168.72
7722000,168.5575
7723000,168.71
7724000,171.8775
7725000,169.3875
7726000,169.6825
7727000,169.3875
7728000,167.08
7729000,167.405
7730000,170.455
7731000,174.395
7732000,174.3575
7733000,171.555
7734000,171.025
7735000,174.42
7736000,171.6075
7737000,174.6875
7738000,178.095
7739000,190.21
7740000,190.155
7741000,197.7775
7742000,198.9725
7743000,194.4725
7744000,197.0875
7745000,195.1325
7746000,190.715
7747000,185.825
7748000,189.3875
7749000,187.8525
7750000,189.64
7751000,189.41
7752000,192.045
7753000,203.615
7754000,202.2825
7755000,196.2625
7756000,206.2925
7757000,210.9
7758000,206.055
7759000,208.4225
7760000,206.31
7761000,206.635
7762000,222.0075
7763000,227.95
7764000,229.3075
7765000,231.8475
7766000,239.435
7767000,242.7725
7768000,247.9825
7769000,270.6775
7770000,265.755
7771000,249.455
7772000,262.08
7773000,267.51
7774000,267.99
7775000,254.845
7776000,240.54
7777000,239.96
7778000,235.155
7779000,229.725
7780000,231.765
7781000,242.835
7782000,243.325
7783000,238.425
7784000,236.925
7785000,239.15
7786000,236.925
7787000,236.265
7788000,246.995
7789000,252.285
7790000,257.08
7791000,254.635
7792000,255.23
7793000,257.73
7794000,250.28
7795000,254.575
7796000,250.025
7797000,243.505
7798000,248.105
7799000,248.7325
7800000,253.0775
7801000,252.35
7802000,251.915
7803000,253.1475
7804000,252.125
7805000,256.025
7806000,255.4
7807000,256.395
7808000,256.29
7809000,255.475
7810000,252.175
7811000,252.175
7812000,246.125
7813000,243.465
7814000,243.535
7815000,233.65
7816000,237.53
7817000,242.665
7818000,241.475
7819000,245.9775
7820000,246.005
7821000,246.8675
7822000,251.995
7823000,251.975
7824000,252.375
7825000,252.17
7826000,249.935
7827000,250.655
7828000,251.655
7829000,255.365
7830000,252.04
7831000,251.055
7832000,251.675
7833000,251.5875
7834000,247.765
7835000,247.51
7836000,247.435
7837000,249.6175
7838000,268.0075
7839000,269.795
7840000,267.53
7841000,269.2575
7842000,270.685
7843000,268.9075
7844000,266.995
7845000,271.9525
7846000,272.285
7847000,271.1525
7848000,269.59
7849000,269.66
7850000,273.1075
7851000,273.335
7852000,269.0175
7853000,262.5675
7854000,267.52
7855000,273.2425
7856000,273.2025
7857000,272.1875
7858000,270.615
7859000,284.815
7860000,283.7275
7861000,284.34
7862000,276.89
7863000,269.45
7864000,254.0525
7865000,253.3625
7866000,253.7425
7867000,254.0225
7868000,260.4875
7869000,261.44
7870000,261.66
7871000,271.475
7872000,268.8225
7873000,269.35
7874000,269.0575
7875000,264.355
7876000,263.96
7877000,266.56
7878000,268.165
7879000,268.655
7880000,271.885
7881000,271.885
7882000,267.285
7883000,267.275
7884000,267.3125
7885000,266.505
7886000,261.8025
7887000,262.1275
7888000,258.9925
7889000,259.6275
7890000,247.1325
7891000,246.72
7892000,244.775
7893000,246.58
7894000,248.505
7895000,237.1625
7896000,239.595
7897000,241.085
7898000,245.3525
7899000,245.4675
7900000,240.9575
7901000,246.07
7902000,245.74
7903000,246.3225
7904000,246.815
7905000,245.165
7906000,243.995
7907000,243.3175
7908000,241.8925
7909000,248.005
7910000,247.5525
7911000,248.3925
7912000,249.34
7913000,249.2175
7914000,249.455
7915000,248.99
7916000,248.8825
7917000,247.74
7918000,248.535
7919000,247.96
7920000,242.9675
7921000,243.03
7922000,242.9675
7923000,241.4075
7924000,241.67
7925000,241.4025
7926000,231.0225
7927000,231.495
7928000,230.995
7929000,234.34
7930000,234.685
7931000,241.4675
7932000,243.4875
7933000,243.4875
7934000,244.0625
7935000,246.345
7936000,245.425
7937000,243.435
7938000,240.935
7939000,241.25
7940000,246.28
7941000,245.15
7942000,247.905
7943000,247.905
7944000,249.3725
7945000,255.59
7946000,256.01
7947000,261.2925
7948000,260.9375
7949000,260.9375
7950000,257.4975
7951000,258.65
7952000,259.615
7953000,260.895
7954000,254.7575
7955000,254.905
7956000,255.325
7957000,255.7425
7958000,255.865
7959000,256.7825
7960000,263.585
7961000,264.8375
7962000,263.7025
7963000,264.6125
7964000,264.6125
7965000,270.95
7966000,270.3925
7967000,272.1125
7968000,276.2675
7969000,269.7425
7970000,271.6225
7971000,270.3125
7972000,266.085
7973000,271.235
7974000,270.5025
7975000,271.0425
7976000,271.955
7977000,271.465
7978000,272.2175
7979000,272.87
7980000,272.455
7981000,267.4475
7982000,267.4475
7983000,267.2725
7984000,264.275
7985000,264.145
7986000,264.48
7987000,266.8125
7988000,267.025
7989000,266.9775
7990000,266.61
7991000,266.61
7992000,267.7025
7993000,269.5075
7994000,269.5075
7995000,268.4925
7996000,268.6375
7997000,268.9625
7998000,272.905
7999000,280.8975
8000000,285.515
8001000,288.5375
8002000,285.015
8003000,289.2975
8004000,293.0425
8005000,303.105
8006000,303.92
8007000,307.725
8008000,309.205
8009000,308.26
8010000,303.655
8011000,308.18
8012000,313.705
8013000,314.565
8014000,307.365
8015000,307.46
8016000,307.62
8017000,311.615
8018000,303.56
8019000,305.1
8020000,305.1
8021000,307.225
8022000,308.7
8023000,307.8525
8024000,308.9675
8025000,310.7
8026000,310.9975
8027000,313.0775
8028000,310.035
8029000,309.0875
8030000,312.965
8031000,316.615
8032000,328.085
8033000,331.745
8034000,344.655
8035000,349.33
8036000,319.035
8037000,340.665
8038000,333.92
8039000,319.355
8040000,310.75
8041000,301.34
8042000,287.465
8043000,292.91
8044000,292.39
8045000,300.575
8046000,305.25
8047000,303.82
8048000,304.92
8049000,307.495
8050000,300.685
8051000,298.38
8052000,298.7
8053000,305.7725
8054000,305.62
8055000,312.54
8056000,320.7325
8057000,318.465
8058000,310.94
8059000,303.11
8060000,294.7375
8061000,301.2225
8062000,294.705
8063000,295.1775
8064000,295.37
8065000,295.3
8066000,287.535
8067000,283.82
8068000,288.4
8069000,293.695
8070000,278.39
8071000,277.44
8072000,277.32
8073000,285.2825
8074000,288.1775
8075000,291.62
8076000,295.1775
8077000,297.73
8078000,294.1425
8079000,293.2975
8080000,292.8425
8081000,292.9275
8082000,299.22
8083000,298.9175
8084000,298.9175
8085000,295.2675
8086000,295.465
8087000,294.7025
8088000,285.2825
8089000,285.3025
8090000,285.425
8091000,292.0975
8092000,292.0975
8093000,291.8575
8094000,286.2825
8095000,293.0175
8096000,293.04
8097000,293.0175
8098000,290.845
8099000,296.95
8100000,291.725
8101000,287.085
8102000,287.165
8103000,287.165
8104000,293.96
8105000,294.265
8106000,307.33
8107000,308.15
8108000,305.445
8109000,305.5525
8110000,307.6325
8111000,306.82
8112000,308.4975
8113000,309.765
8114000,311.8475
8115000,314.705
8116000,314.67
8117000,313.44
8118000,309.8
8119000,307.03
8120000,306.0525
8121000,311.4775
8122000,311.125
8123000,310.9275
8124000,301.57
8125000,287.3175
8126000,288.36
8127000,283.4225
8128000,266.5175
8129000,271.0525
8130000,271.35
8131000,272.71
8132000,273.1275
8133000,267.24
8134000,273.015
8135000,272.82
8136000,277.045
8137000,272.6975
8138000,274.4675
8139000,275.5425
8140000,275.4425
8141000,272.485
8142000,272.005
8143000,268.65
8144000,268.65
8145000,265.7925
8146000,266.795
8147000,266.795
8148000,266.8025
8149000,242.625
8150000,236.9675
8151000,236.5225
8152000,237.08
8153000,215.505
8154000,222.23
8155000,225.9275
8156000,222.8975
8157000,232.16
8158000,232.1275
8159000,231.97
8160000,228.1225
8161000,227.2575
8162000,222.8075
8163000,209.6625
8164000,204.025
8165000,199.78
8166000,196.05
8167000,199.7625
8168000,200.1525
8169000,211.6525
8170000,217.5625
8171000,213.9875
8172000,213.225
8173000,218.18
8174000,215.215
8175000,207.9875
8176000,225.2875
8177000,225.2875
8178000,225.5025
8179000,223.2875
8180000,224.0925
8181000,217.105
8182000,217.9375
8183000,218.5475
8184000,219.25
8185000,224.34
8186000,228.0475
8187000,227.885
8188000,224.97
8189000,233.275
8190000,232.68
8191000,228.875
8192000,226.3525
8193000,226.3525
8194000,224.78
8195000,222.78
8196000,220.7375
8197000,225.34
8198000,225.5275
8199000,225.2025
8200000,220.595
8201000,220.5575
8202000,215.0925
8203000,215.385
8204000,214.885
8205000,215.635
8206000,211.05
8207000,211.17
8208000,211.05
8209000,217.375
8210000,213.405
8211000,205.165
8212000,205.605
8213000,207.185
8214000,212.44
8215000,211.575
8216000,216.435
8217000,224.42
8218000,223.84
8219000,223.84
8220000,222.915
8221000,222.915
8222000,218.115
8223000,217.975
8224000,213.39
8225000,213.39
8226000,217.735
8227000,217.735
8228000,217.77
8229000,218.395
8230000,222.88
8231000,222.88
8232000,222.85
8233000,205.855
8234000,206.405
8235000,206.405
8236000,206.805
8237000,207
8238000,209.26
8239000,208.99
8240000,208.56
8241000,208.33
8242000,209.665
8243000,213.43
8244000,213.23
8245000,208.095
8246000,208.305
8247000,208.305
8248000,209.995
8249000,209.925
8250000,205.57
8251000,205.745
8252000,209.64
8253000,213.065
8254000,212.315
8255000,210.11
8256000,210.885
8257000,212.16
8258000,213.065
8259000,216.26
8260000,216.225
8261000,216.225
8262000,215.645
8263000,214.34
8264000,213.055
8265000,213.575
8266000,213.71
8267000,214.345
8268000,215.655
8269000,216.875
8270000,221.9
8271000,221.865
8272000,221.865
8273000,216.825
8274000,216.82
8275000,223.2
8276000,223.655
8277000,223.65
8278000,223.27
8279000,223.215
8280000,223.215
8281000,222.875
8282000,222.805
8283000,218.155
8284000,218.155
8285000,218.3325
8286000,221.535
8287000,221.92
8288000,226.715
8289000,227.56
8290000,228.22
8291000,233.365
8292000,233.365
8293000,232.84
8294000,231.945
8295000,231.9
8296000,233.94
8297000,230.7
8298000,228.945
8299000,228.945
8300000,224.89
8301000,225.56
8302000,226.09
8303000,226.025
8304000,228.99
8305000,224.385
8306000,224.385
8307000,224.485
8308000,225.4
8309000,225.4
8310000,225.175
8311000,219.58
8312000,218.61
8313000,219.42
8314000,219.05
8315000,217.33
8316000,208.825
8317000,211.115
8318000,207.77
8319000,209.13
8320000,213.445
8321000,212.045
8322000,212.045
8323000,203.5425
8324000,204.455
8325000,205.82
8326000,206.1825
8327000,211.35
8328000,211.19
8329000,210.1975
8330000,210.195
8331000,214.765
8332000,214.49
8333000,214.635
8334000,213.5225
8335000,213.48
8336000,213.48
8337000,211.565
8338000,211.585
8339000,211.355
8340000,210
8341000,209.7175
8342000,209.41
8343000,205.515
8344000,206.3175
8345000,206.3175
8346000,207.89
8347000,207.83
8348000,206.9575
8349000,206.4825
8350000,185.5625
8351000,188.925
8352000,188.14
8353000,180.445
8354000,180.2725
8355000,184.13
8356000,184.37
8357000,184.37
8358000,187.925
8359000,187.82
8360000,183.5775
8361000,183.78
8362000,183.8575
8363000,184.41
8364000,185.7225
8365000,185.615
8366000,184.735
8367000,185.27
8368000,185.43
8369000,184.995
8370000,183.695
8371000,184.995
8372000,185.29
8373000,185.23
8374000,189.62
8375000,194.555
8376000,196.795
8377000,196.795
8378000,193.865
8379000,194.44
8380000,199.11
8381000,200.755
8382000,201.2725
8383000,199.2375
8384000,202.015
8385000,200.7225
8386000,199.3075
8387000,197.4775
8388000,195.88
8389000,196.93
8390000,196.8725
8391000,195.2225
8392000,188.4925
8393000,188.1275
8394000,182.005
8395000,184.4825
8396000,184.66
8397000,188.465
8398000,185.115
8399000,185.33
8400000,186.045
8401000,191.4575
8402000,192.225
8403000,192.225
8404000,191.32
8405000,191.3675
8406000,191.3675
8407000,195.8175
8408000,195.495
8409000,195.155
8410000,193.6
8411000,193.33
8412000,191.82
8413000,189.27
8414000,189.1575
8415000,189.52
8416000,189.645
8417000,189.585
8418000,189.2
8419000,189.3
8420000,189.045
8421000,187.6425
8422000,184.11
8423000,192.3625
8424000,191.93
8425000,191.8825
8426000,190.105
8427000,190.035
8428000,186.215
8429000,186.215
8430000,186.19
8431000,186.7725
8432000,186.7725
8433000,186.805
8434000,187.895
8435000,187.75
8436000,187.6475
8437000,185.44
8438000,185.525
8439000,185.54
8440000,187.41
8441000,171.735
8442000,172.31
8443000,169.4125
8444000,168.94
8445000,168.94
8446000,167.43
8447000,168.5525
8448000,168.5525
8449000,166.975
8450000,167.165
8451000,169.2075
8452000,169.8875
8453000,169.86
8454000,168.95
8455000,168.585
8456000,168.895
8457000,168.91
8458000,168.515
8459000,168.435
8460000,168.22
8461000,172.355
8462000,172.355
8463000,172.355
8464000,170.85
8465000,170.85
8466000,170.85
8467000,170.57
8468000,170.825
8469000,170.87
8470000,170.87
8471000,170.98
8472000,173.435
8473000,179.55
8474000,178.855
8475000,177.965
8476000,178.67
8477000,177.55
8478000,182.22
8479000,182.195
8480000,182.195
8481000,178.41
8482000,178.5075
8483000,178.26
8484000,177.6825
8485000,177.95
8486000,177.55
8487000,176.385
8488000,176.385
8489000,176.0025
8490000,171.415
8491000,171.415
8492000,171.415
8493000,172.8025
8494000,172.8025
8495000,176.2825
8496000,176.2425
8497000,176.3775
8498000,171.1925
8499000,167.3325
8500000,167.3325
8501000,167.3325
8502000,169.4775
8503000,169.575
8504000,178.135
8505000,178.265
8506000,178.265
8507000,182.435
8508000,182.3375
8509000,179.3975
8510000,181.2625
8511000,181.415
8512000,181.415
8513000,180.7625
8514000,180.37
8515000,180.5175
8516000,184.625
8517000,179.8325
8518000,179.9325
8519000,180.6075
8520000,183.415
8521000,183.415
8522000,183.19
8523000,180.965
8524000,177.4175
8525000,177.5
8526000,181.33
8527000,177.8825
8528000,177.71
8529000,177.675
8530000,177.165
8531000,177.1525
8532000,177.335
8533000,177.855
8534000,177.8
8535000,177.8
8536000,179.6125
8537000,179.6325
8538000,179.8175
8539000,180.525
8540000,180.5125
8541000,180.4025
8542000,179.48
8543000,179.34
8544000,179.5975
8545000,181.305
8546000,181.295
8547000,181.2825
8548000,181.0125
8549000,184.7275
8550000,188.64
8551000,188.71
8552000,187.05
8553000,186.96
8554000,186.96
8555000,188.715
8556000,188.7175
8557000,188.8725
8558000,193.4325
8559000,193.4325
8560000,193.4325
8561000,189.835
8562000,189.9625
8563000,198.58
8564000,198.58
8565000,198.58
8566000,198.565
8567000,198.6075
8568000,207.4825
8569000,209.26
8570000,210.59
8571000,210.765
8572000,213.44
8573000,213.905
8574000,213.5425
8575000,213.435
8576000,211.095
8577000,208.92
8578000,203.875
8579000,206.82
8580000,207.92
8581000,218.675
8582000,219.84
8583000,220.6625
8584000,218.5425
8585000,217.9025
8586000,217.62
8587000,217.4025
8588000,216.14
8589000,216.1175
8590000,220.7675
8591000,220.6525
8592000,216.1
8593000,216.095
8594000,216.0875
8595000,216.16
8596000,215.73
8597000,209.8075
8598000,211.1875
8599000,210.7025
8600000,211.2525
8601000,207.47
8602000,208.9375
8603000,210.3025
8604000,208.9375
8605000,209.2725
8606000,207.6275
8607000,208.365
8608000,202.145
8609000,201.62
8610000,201.155
8611000,198.46
8612000,198.46
8613000,189.735
8614000,164.8625
8615000,168.9325
8616000,170.105
8617000,164.7325
8618000,168.44
8619000,168.11
8620000,168.155
8621000,170.555
8622000,168.745
8623000,168.585
8624000,169.215
8625000,167.505
8626000,159.405
8627000,163.2725
8628000,165.8675
8629000,165.405
8630000,166.21
8631000,165.67
8632000,166.355
8633000,166.69
8634000,174.425
8635000,174.74
8636000,174.74
8637000,174.4225
8638000,170.76
8639000,174.63
8640000,173.655
8641000,173.1475
8642000,171.335
8643000,171.075
8644000,167.5525
8645000,168.54
8646000,167.6025
8647000,169.94
8648000,167.85
8649000,167.75
8650000,172.685
8651000,177.455
8652000,177.5175
8653000,177.5175
8654000,183.2125
8655000,182.305
8656000,179.61
8657000,180.185
8658000,176.17
8659000,176.7375
8660000,176.7375
8661000,175.925
8662000,175.925
8663000,176.18
8664000,176.34
8665000,176.665
8666000,180.405
8667000,180.36
8668000,178.95
8669000,177.775
8670000,172.79
8671000,172.79
8672000,172.79
8673000,172.82
8674000,172.695
8675000,172.695
8676000,174.46
8677000,177.91
8678000,178.375
8679000,175.255
8680000,175.255
8681000,175.255
8682000,174.75
8683000,174.68
8684000,174.745
8685000,176.53
8686000,176.235
8687000,175.88
8688000,173.315
8689000,172.76
8690000,172.81
8691000,168.905
8692000,168.905
8693000,172.03
8694000,172.03
8695000,176.025
8696000,176.365
8697000,181.18
8698000,181.235
8699000,183.21
8700000,183.065
8701000,182.885
8702000,179.47
8703000,179.36
8704000,179.36
8705000,179.995
8706000,179.97
8707000,180.785
8708000,183.265
8709000,193.5
8710000,193.5
8711000,193.585
8712000,193.575
8713000,193.445
8714000,188.96
8715000,192.655
8716000,192.665
8717000,192.765
8718000,191.205
8719000,188.725
8720000,185.085
8721000,185.055
8722000,182.045
8723000,181.285
8724000,181.47
8725000,183.735
8726000,183.735
8727000,183.69
8728000,183.4
8729000,178.94
8730000,178.94
8731000,182.73
8732000,182.665
8733000,182.74
8734000,183.65
8735000,183.65
8736000,179.6975
8737000,180.22
8738000,183.35
8739000,183.35
8740000,183.225
8741000,186.08
8742000,186.08
8743000,186.13
8744000,185.42
8745000,184.805
8746000,184.805
8747000,182.425
8748000,179.97
8749000,179.22
8750000,179.31
8751000,179.25
8752000,178.64
8753000,173.48
8754000,173.465
8755000,173.465
8756000,175.27
8757000,175.27
8758000,175.315
8759000,177.06
8760000,177.06
8761000,176.005
8762000,176.03
8763000,175.98
8764000,172.135
8765000,172.2
8766000,172.22
8767000,173.765
8768000,173.765
8769000,173.765
8770000,173.75
8771000,173.765
8772000,173.84
8773000,172.435
8774000,171.94
8775000,171.915
8776000,170.1
8777000,170.425
8778000,170.425
8779000,173.55
8780000,174.43
8781000,174.43
8782000,174.685
8783000,174.665
8784000,174.865
8785000,172.565
8786000,172.565
8787000,172.595
8788000,174.56
8789000,174.58
8790000,174.56
8791000,173.315
8792000,173.305
8793000,173.205
8794000,171.285
8795000,165.775
8796000,165.775
8797000,160.175
8798000,158.365
8799000,160.23
8800000,161.805
8801000,160.825
8802000,160.9425
8803000,161.1025
8804000,162.04
8805000,162.1925
8806000,160.8875
8807000,160.9325
8808000,161.1475
8809000,165.205
8810000,167.2075
8811000,180.02
8812000,180.435
8813000,187.3475
8814000,187.3475
8815000,181.725
8816000,180.5775
8817000,177.485
8818000,178.2325
8819000,180.06
8820000,178.83
8821000,180.5875
8822000,181.7425
8823000,185.595
8824000,185.825
8825000,186.84
8826000,185.645
8827000,181.975
8828000,184.88
8829000,183.04
8830000,181.52
8831000,183.24
8832000,184.955
8833000,185.6275
8834000,186.24
8835000,185.97
8836000,187.27
8837000,191.515
8838000,191.515
8839000,187.35
8840000,182.73
8841000,182.6725
8842000,182.7
8843000,182.5
8844000,182.585
8845000,182.585
8846000,178.63
8847000,183.1575
8848000,183.2625
8849000,183.0175
8850000,181.6725
8851000,181.55
8852000,181.55
8853000,181.5375
8854000,181.4275
8855000,184.1825
8856000,184.1825
8857000,184.1825
8858000,182.9
8859000,182.915
8860000,182.985
8861000,184.175
8862000,184.1625
8863000,184.195
8864000,183.71
8865000,183.685
8866000,183.58
8867000,180.775
8868000,181.0225
8869000,181.095
8870000,181.3225
8871000,181.3225
8872000,185.1275
8873000,185.1275
8874000,187.855
8875000,187.98
8876000,186.21
8877000,185.1025
8878000,185.295
8879000,189.4375
8880000,189.4375
8881000,188.875
8882000,188.4275
8883000,192.835
8884000,192.815
8885000,189.5375
8886000,189.5025
8887000,189.6475
8888000,189.7525
8889000,189.7525
8890000,185.715
8891000,185.7425
8892000,185.7425
8893000,185.86
8894000,185.86
8895000,185.855
8896000,183.5875
8897000,183.045
8898000,183.5325
8899000,183.905
8900000,183.8875
8901000,185.3075
8902000,185.3075
8903000,185.3075
8904000,183.84
8905000,183.97
8906000,183.97
8907000,188.275
8908000,188.275
8909000,188.275
8910000,190.055
8911000,190.055
8912000,190.04
8913000,189.045
8914000,185.145
8915000,185.26
8916000,185.2025
8917000,186
8918000,185.985
8919000,186
8920000,186.055
8921000,185.995
8922000,185.29
8923000,185.325
8924000,185.325
8925000,185.63
8926000,185.655
8927000,185.655
8928000,187.335
8929000,187.305
8930000,187.305
8931000,186.92
8932000,186.89
8933000,185.15
8934000,185.13
8935000,185.13
8936000,183.85
8937000,183.735
8938000,183.65
8939000,179.255
8940000,179.06
8941000,179.255
8942000,180.2
8943000,180.2
8944000,180.2
8945000,181.53
8946000,181.53
8947000,181.53
8948000,182.32
8949000,182.315
8950000,183.485
8951000,183.655
8952000,183.655
8953000,184.875
8954000,184.69
8955000,184.69
8956000,183.01
8957000,182.995
8958000,176.085
8959000,176.085
8960000,176.085
8961000,177.04
8962000,176.975
8963000,173.545
8964000,173.545
8965000,174.32
8966000,175.52
8967000,175.53
8968000,175.16
8969000,174.91
8970000,174.91
8971000,174.8
8972000,174.72
8973000,174.72
8974000,171.27
8975000,166.46
8976000,159.645
8977000,159.835
8978000,161.975
8979000,157.67
8980000,146.6
8981000,143.24
8982000,148.37
8983000,150.61
8984000,149.745
8985000,150.305
8986000,148.785
8987000,150.525
8988000,152.085
8989000,151.765
8990000,151.09
8991000,150.875
8992000,150.79
8993000,147.54
8994000,145.285
8995000,144.885
8996000,137.775
8997000,132.945
8998000,137.595
8999000,147.485
9000000,148.815
9001000,145.95
9002000,145.95
9003000,147.455
9004000,145.555
9005000,145.415
9006000,145.285
9007000,148.22
9008000,144.99
9009000,145.1
9010000,147.92
9011000,153.71
9012000,153.855
9013000,153.71
9014000,152.65
9015000,152.65
9016000,151.91
9017000,153.91
9018000,151.345
9019000,151.435
9020000,151.435
9021000,153.835
9022000,156.045
9023000,155.04
9024000,154.41
9025000,154.41
9026000,154.49
9027000,154.22
9028000,151.42
9029000,151.125
9030000,149.095
9031000,147.07
9032000,147.16
9033000,150.755
9034000,150.095
9035000,150.81
9036000,150.53
9037000,148.07
9038000,148.31
9039000,148.155
9040000,148.105
9041000,149.42
9042000,149.455
9043000,149.4125
9044000,146.7925
9045000,147.2725
9046000,147.5
9047000,144.46
9048000,144.405
9049000,144.51
9050000,150.405
9051000,150.405
9052000,146.155
9053000,145.43
9054000,145.675
9055000,148.69
9056000,148.69
9057000,148.69
9058000,148.235
9059000,148.235
9060000,148.235
9061000,146.9875
9062000,147.005
9063000,148.41
9064000,148.41
9065000,148.41
9066000,148.685
9067000,148.46
9068000,147.99
9069000,147.98
9070000,147.945
9071000,147.4175
9072000,147.4275
9073000,151.0825
9074000,151.155
9075000,151.155
9076000,150.0625
9077000,150.0625
9078000,150.185
9079000,150.18
9080000,147.1375
9081000,147.1375
9082000,146.9625
9083000,146.9625
9084000,146.87
9085000,144.69
9086000,144.69
9087000,144.69
9088000,145.5
9089000,145.5
9090000,142.71
9091000,142.595
9092000,140.785
9093000,141.975
9094000,143.19
9095000,143.77
9096000,143.905
9097000,144.875
9098000,144.78
9099000,144.45
9100000,144.14
9101000,144.205
9102000,144.25
9103000,144.605
9104000,144.57
9105000,143.8625
9106000,142.935
9107000,142.4025
9108000,141.845
9109000,141.425
9110000,142.9825
9111000,142.785
9112000,142.6625
9113000,142.6625
9114000,141.9725
9115000,141.0225
9116000,141.1475
9117000,132.39
9118000,132.3475
9119000,143.785
9120000,143.6625
9121000,143.6625
9122000,142.9725
9123000,142.0225
9124000,142.1475
9125000,133.39
9126000,133.3475
9127000,144.785
9128000,144.6625
9129000,144.6625
9130000,143.9725
9131000,143.0225
9132000,143.1475
9133000,134.39
9134000,134.3475
9135000,145.785
9136000,145.6625
9137000,145.6625
9138000,144.9725
9139000,144.0225
9140000,144.1475
9141000,135.39
9142000,135.3475
9143000,146.785
9144000,146.6625
9145000,146.6625
9146000,145.9725
9147000,145.0225
9148000,145.1475
9149000,136.39
9150000,136.3475
9151000,147.785
9152000,147.6625
9153000,147.6625
9154000,146.9725
9155000,146.0225
9156000,146.1475
9157000,137.39
9158000,137.3475
9159000,142.785
9160000,142.6625
9161000,142.6625
9162000,141.9725
9163000,141.0225
9164000,141.1475
9165000,132.39
9166000,132.3475
9167000,143.785
9168000,143.6625
9169000,143.6625
9170000,142.9725
9171000,142.0225
9172000,142.1475
9173000,133.39
9174000,133.3475
9175000,144.785
9176000,144.6625
9177000,144.6625
9178000,143.9725
9179000,143.0225
9180000,143.1475
9181000,134.39
9182000,134.3475
9183000,145.785
9184000,145.6625
9185000,145.6625
9186000,144.9725
9187000,144.0225
9188000,144.1475
9189000,135.39
9190000,135.3475
9191000,146.785
9192000,146.6625
9193000,146.6625
9194000,145.9725
9195000,145.0225
9196000,145.1475
9197000,136.39
9198000,136.3475
9199000,147.785
9200000,147.6625
9201000,147.6625
9202000,146.9725
9203000,146.0225
9204000,146.1475
9205000,137.39
9206000,137.3475
9207000,142.785
9208000,142.6625
9209000,142.6625
9210000,141.9725
9211000,141.0225
9212000,141.1475
9213000,132.39
9214000,132.3475
9215000,143.785
9216000,143.6625
9217000,143.6625
9218000,142.9725
9219000,142.0225
9220000,142.1475
9221000,133.39
9222000,133.3475
9223000,144.785
9224000,144.6625
9225000,144.6625
9226000,143.9725
9227000,143.0225
9228000,143.1475
9229000,134.39
9230000,134.3475
9231000,145.785
9232000,145.6625
9233000,145.6625
9234000,144.9725
9235000,144.0225
9236000,144.1475
9237000,135.39
9238000,135.3475
9239000,146.785
9240000,146.6625
9241000,146.6625
9242000,145.9725
9243000,145.0225
9244000,145.1475
9245000,136.39
9246000,136.3475
9247000,147.785
9248000,147.6625
9249000,147.6625
9250000,146.9725
9251000,146.0225
9252000,146.1475
9253000,137.39
9254000,137.3475
9255000,142.785
9256000,142.6625
9257000,142.6625
9258000,141.9725
9259000,141.0225
9260000,141.1475
9261000,132.39
9262000,132.3475
9263000,143.785
9264000,143.6625
9265000,143.6625
9266000,142.9725
9267000,142.0225
9268000,142.1475
9269000,133.39
9270000,133.3475
9271000,144.785
9272000,144.6625
9273000,144.6625
9274000,143.9725
9275000,143.0225
9276000,143.1475
9277000,134.39
9278000,134.3475
9279000,145.785
9280000,145.6625
9281000,145.6625
9282000,144.9725
9283000,144.0225
9284000,144.1475
9285000,135.39
9286000,135.3475
9287000,146.785
9288000,146.6625
9289000,146.6625
9290000,145.9725
9291000,145.0225
9292000,145.1475
9293000,136.39
9294000,136.3475
9295000,147.785
9296000,147.6625
9297000,147.6625
9298000,146.9725
9299000,146.0225
9300000,146.1475
9301000,137.39
9302000,137.3475
9303000,142.785
9304000,142.6625
9305000,142.6625
9306000,141.9725
9307000,141.0225
9308000,141.1475
9309000,132.39
9310000,132.3475
9311000,143.785
9312000,143.6625
9313000,143.6625
9314000,142.9725
9315000,142.0225
9316000,142.1475
9317000,133.39
9318000,133.3475
9319000,144.785
9320000,144.6625
9321000,144.6625
9322000,143.9725
9323000,143.0225
9324000,143.1475
9325000,134.39
9326000,134.3475
9327000,145.785
9328000,145.6625
9329000,145.6625
9330000,144.9725
9331000,144.0225
9332000,144.1475
9333000,135.39
9334000,135.3475
9335000,146.785
9336000,146.6625
9337000,146.6625
